date,n_assets,count_RANGING,count_TRENDING_UP,count_TRENDING_DOWN,count_HIGH_VOL,count_favourable
2010-11-19 00:00:00+00:00,30,20,6,0,4,6
2010-11-26 00:00:00+00:00,30,23,6,0,1,6
2010-12-03 00:00:00+00:00,30,22,6,2,0,8
2010-12-10 00:00:00+00:00,30,23,6,1,0,7
2010-12-17 00:00:00+00:00,30,17,12,1,0,13
2010-12-24 00:00:00+00:00,30,13,16,1,0,17
2010-12-31 00:00:00+00:00,30,13,16,1,0,17
2011-01-07 00:00:00+00:00,30,15,15,0,0,15
2011-01-14 00:00:00+00:00,30,15,15,0,0,15
2011-01-21 00:00:00+00:00,30,15,15,0,0,15
2011-01-28 00:00:00+00:00,30,17,13,0,0,13
2011-02-04 00:00:00+00:00,30,22,8,0,0,8
2011-02-11 00:00:00+00:00,30,19,11,0,0,11
2011-02-18 00:00:00+00:00,30,19,11,0,0,11
2011-02-25 00:00:00+00:00,30,22,8,0,0,8
2011-03-04 00:00:00+00:00,30,22,6,0,2,6
2011-03-11 00:00:00+00:00,30,18,1,0,11,1
2011-03-18 00:00:00+00:00,30,14,3,0,13,3
2011-03-25 00:00:00+00:00,30,25,3,1,1,4
2011-04-01 00:00:00+00:00,30,27,2,1,0,3
2011-04-08 00:00:00+00:00,30,26,4,0,0,4
2011-04-15 00:00:00+00:00,30,26,4,0,0,4
2011-04-22 00:00:00+00:00,30,26,4,0,0,4
2011-04-29 00:00:00+00:00,30,23,6,0,1,6
2011-05-06 00:00:00+00:00,30,22,7,0,1,7
2011-05-13 00:00:00+00:00,30,19,7,1,3,8
2011-05-20 00:00:00+00:00,30,19,8,2,1,10
2011-05-27 00:00:00+00:00,30,24,6,0,0,6
2011-06-03 00:00:00+00:00,30,26,3,1,0,4
2011-06-10 00:00:00+00:00,30,25,2,3,0,5
2011-06-17 00:00:00+00:00,30,19,6,5,0,11
2011-06-24 00:00:00+00:00,30,22,3,5,0,8
2011-07-01 00:00:00+00:00,30,27,3,0,0,3
2011-07-08 00:00:00+00:00,30,28,2,0,0,2
2011-07-15 00:00:00+00:00,30,29,1,0,0,1
2011-07-22 00:00:00+00:00,30,29,1,0,0,1
2011-07-29 00:00:00+00:00,30,28,2,0,0,2
2011-08-05 00:00:00+00:00,30,15,2,2,11,4
2011-08-12 00:00:00+00:00,30,3,0,0,27,0
2011-08-19 00:00:00+00:00,30,4,0,1,25,1
2011-08-26 00:00:00+00:00,30,4,0,12,14,12
2011-09-02 00:00:00+00:00,30,7,1,20,2,21
2011-09-09 00:00:00+00:00,30,11,1,16,2,17
2011-09-16 00:00:00+00:00,30,22,1,7,0,8
2011-09-23 00:00:00+00:00,30,20,2,8,0,10
2011-09-30 00:00:00+00:00,30,20,2,8,0,10
2011-10-07 00:00:00+00:00,30,17,4,9,0,13
2011-10-14 00:00:00+00:00,30,25,1,4,0,5
2011-10-21 00:00:00+00:00,30,27,2,1,0,3
2011-10-28 00:00:00+00:00,30,29,0,1,0,1
2011-11-04 00:00:00+00:00,30,30,0,0,0,0
2011-11-11 00:00:00+00:00,30,29,0,1,0,1
2011-11-18 00:00:00+00:00,30,29,0,1,0,1
2011-11-25 00:00:00+00:00,30,29,0,1,0,1
2011-12-02 00:00:00+00:00,30,29,0,1,0,1
2011-12-09 00:00:00+00:00,30,29,0,1,0,1
2011-12-16 00:00:00+00:00,30,27,0,3,0,3
2011-12-23 00:00:00+00:00,30,26,0,4,0,4
2011-12-30 00:00:00+00:00,30,24,1,5,0,6
2012-01-06 00:00:00+00:00,30,24,2,4,0,6
2012-01-13 00:00:00+00:00,30,26,4,0,0,4
2012-01-20 00:00:00+00:00,30,26,4,0,0,4
2012-01-27 00:00:00+00:00,30,17,13,0,0,13
2012-02-03 00:00:00+00:00,30,12,17,1,0,18
2012-02-10 00:00:00+00:00,30,10,19,1,0,20
2012-02-17 00:00:00+00:00,30,10,19,1,0,20
2012-02-24 00:00:00+00:00,30,8,22,0,0,22
2012-03-02 00:00:00+00:00,30,11,18,1,0,19
2012-03-09 00:00:00+00:00,30,22,8,0,0,8
2012-03-16 00:00:00+00:00,30,23,7,0,0,7
2012-03-23 00:00:00+00:00,30,22,7,1,0,8
2012-03-30 00:00:00+00:00,30,20,9,1,0,10
2012-04-06 00:00:00+00:00,30,21,8,1,0,9
2012-04-13 00:00:00+00:00,30,25,3,2,0,5
2012-04-20 00:00:00+00:00,30,25,1,4,0,5
2012-04-27 00:00:00+00:00,30,27,0,3,0,3
2012-05-04 00:00:00+00:00,30,27,0,3,0,3
2012-05-11 00:00:00+00:00,30,25,1,4,0,5
2012-05-18 00:00:00+00:00,30,13,5,12,0,17
2012-05-25 00:00:00+00:00,30,6,11,13,0,24
2012-06-01 00:00:00+00:00,30,4,8,18,0,26
2012-06-08 00:00:00+00:00,30,6,14,10,0,24
2012-06-15 00:00:00+00:00,30,21,6,3,0,9
2012-06-22 00:00:00+00:00,30,28,1,1,0,2
2012-06-29 00:00:00+00:00,30,29,1,0,0,1
2012-07-06 00:00:00+00:00,30,27,3,0,0,3
2012-07-13 00:00:00+00:00,30,27,3,0,0,3
2012-07-20 00:00:00+00:00,30,25,4,1,0,5
2012-07-27 00:00:00+00:00,30,27,2,1,0,3
2012-08-03 00:00:00+00:00,30,28,2,0,0,2
2012-08-10 00:00:00+00:00,30,29,1,0,0,1
2012-08-17 00:00:00+00:00,30,28,2,0,0,2
2012-08-24 00:00:00+00:00,30,25,5,0,0,5
2012-08-31 00:00:00+00:00,30,27,3,0,0,3
2012-09-07 00:00:00+00:00,30,24,6,0,0,6
2012-09-14 00:00:00+00:00,30,15,14,1,0,15
2012-09-21 00:00:00+00:00,30,7,21,2,0,23
2012-09-28 00:00:00+00:00,30,15,14,1,0,15
2012-10-05 00:00:00+00:00,30,17,12,1,0,13
2012-10-12 00:00:00+00:00,30,23,6,1,0,7
2012-10-19 00:00:00+00:00,30,25,4,1,0,5
2012-10-26 00:00:00+00:00,30,25,4,1,0,5
2012-11-02 00:00:00+00:00,30,22,5,3,0,8
2012-11-09 00:00:00+00:00,30,24,1,2,3,3
2012-11-16 00:00:00+00:00,30,18,2,10,0,12
2012-11-23 00:00:00+00:00,30,25,2,3,0,5
2012-11-30 00:00:00+00:00,30,28,0,2,0,2
2012-12-07 00:00:00+00:00,30,27,1,2,0,3
2012-12-14 00:00:00+00:00,30,28,1,1,0,2
2012-12-21 00:00:00+00:00,30,26,2,2,0,4
2012-12-28 00:00:00+00:00,30,25,2,3,0,5
2013-01-04 00:00:00+00:00,30,26,3,1,0,4
2013-01-11 00:00:00+00:00,30,24,5,1,0,6
2013-01-18 00:00:00+00:00,30,20,9,1,0,10
2013-01-25 00:00:00+00:00,30,14,16,0,0,16
2013-02-01 00:00:00+00:00,30,12,17,1,0,18
2013-02-08 00:00:00+00:00,30,13,16,1,0,17
2013-02-15 00:00:00+00:00,30,13,15,2,0,17
2013-02-22 00:00:00+00:00,30,11,14,5,0,19
2013-03-01 00:00:00+00:00,30,13,12,5,0,17
2013-03-08 00:00:00+00:00,30,15,10,5,0,15
2013-03-15 00:00:00+00:00,30,12,13,5,0,18
2013-03-22 00:00:00+00:00,30,18,10,2,0,12
2013-03-29 00:00:00+00:00,30,21,7,2,0,9
2013-04-05 00:00:00+00:00,30,19,8,3,0,11
2013-04-12 00:00:00+00:00,30,21,6,3,0,9
2013-04-19 00:00:00+00:00,30,18,4,1,7,5
2013-04-26 00:00:00+00:00,30,19,6,1,4,7
2013-05-03 00:00:00+00:00,30,20,5,4,1,9
2013-05-10 00:00:00+00:00,30,19,6,5,0,11
2013-05-17 00:00:00+00:00,30,13,13,4,0,17
2013-05-24 00:00:00+00:00,30,12,14,4,0,18
2013-05-31 00:00:00+00:00,30,13,14,3,0,17
2013-06-07 00:00:00+00:00,30,23,6,1,0,7
2013-06-14 00:00:00+00:00,30,24,2,4,0,6
2013-06-21 00:00:00+00:00,30,26,1,3,0,4
2013-06-28 00:00:00+00:00,30,22,1,7,0,8
2013-07-05 00:00:00+00:00,30,22,1,7,0,8
2013-07-12 00:00:00+00:00,30,20,3,7,0,10
2013-07-19 00:00:00+00:00,30,19,6,5,0,11
2013-07-26 00:00:00+00:00,30,22,6,2,0,8
2013-08-02 00:00:00+00:00,30,21,8,1,0,9
2013-08-09 00:00:00+00:00,30,21,7,2,0,9
2013-08-16 00:00:00+00:00,30,23,5,2,0,7
2013-08-23 00:00:00+00:00,30,23,3,4,0,7
2013-08-30 00:00:00+00:00,30,23,5,2,0,7
2013-09-06 00:00:00+00:00,30,25,3,2,0,5
2013-09-13 00:00:00+00:00,30,26,2,2,0,4
2013-09-20 00:00:00+00:00,30,15,12,1,2,13
2013-09-27 00:00:00+00:00,30,18,9,3,0,12
2013-10-04 00:00:00+00:00,30,24,4,2,0,6
2013-10-11 00:00:00+00:00,30,24,4,2,0,6
2013-10-18 00:00:00+00:00,30,23,6,0,1,6
2013-10-25 00:00:00+00:00,30,19,9,1,1,10
2013-11-01 00:00:00+00:00,30,18,12,0,0,12
2013-11-08 00:00:00+00:00,30,19,8,2,1,10
2013-11-15 00:00:00+00:00,30,21,7,2,0,9
2013-11-22 00:00:00+00:00,30,23,6,1,0,7
2013-11-29 00:00:00+00:00,30,17,8,5,0,13
2013-12-06 00:00:00+00:00,30,20,4,6,0,10
2013-12-13 00:00:00+00:00,30,21,4,5,0,9
2013-12-20 00:00:00+00:00,30,23,3,4,0,7
2013-12-27 00:00:00+00:00,30,24,4,2,0,6
2014-01-03 00:00:00+00:00,30,26,3,1,0,4
2014-01-10 00:00:00+00:00,30,26,4,0,0,4
2014-01-17 00:00:00+00:00,30,26,4,0,0,4
2014-01-24 00:00:00+00:00,30,24,4,1,1,5
2014-01-31 00:00:00+00:00,30,15,9,5,1,14
2014-02-07 00:00:00+00:00,30,7,9,3,11,12
2014-02-14 00:00:00+00:00,30,20,9,1,0,10
2014-02-21 00:00:00+00:00,30,23,5,1,1,6
2014-02-28 00:00:00+00:00,30,21,8,0,1,8
2014-03-07 00:00:00+00:00,30,19,10,0,1,10
2014-03-14 00:00:00+00:00,30,20,9,1,0,10
2014-03-21 00:00:00+00:00,30,24,6,0,0,6
2014-03-28 00:00:00+00:00,30,24,5,1,0,6
2014-04-04 00:00:00+00:00,30,22,8,0,0,8
2014-04-11 00:00:00+00:00,30,20,8,2,0,10
2014-04-18 00:00:00+00:00,30,18,11,1,0,12
2014-04-25 00:00:00+00:00,30,20,9,1,0,10
2014-05-02 00:00:00+00:00,30,19,10,1,0,11
2014-05-09 00:00:00+00:00,30,20,7,3,0,10
2014-05-16 00:00:00+00:00,30,22,5,3,0,8
2014-05-23 00:00:00+00:00,30,25,3,2,0,5
2014-05-30 00:00:00+00:00,30,26,4,0,0,4
2014-06-06 00:00:00+00:00,30,24,5,1,0,6
2014-06-13 00:00:00+00:00,30,20,10,0,0,10
2014-06-20 00:00:00+00:00,30,20,10,0,0,10
2014-06-27 00:00:00+00:00,30,16,14,0,0,14
2014-07-04 00:00:00+00:00,30,14,16,0,0,16
2014-07-11 00:00:00+00:00,30,17,13,0,0,13
2014-07-18 00:00:00+00:00,30,20,9,1,0,10
2014-07-25 00:00:00+00:00,30,25,5,0,0,5
2014-08-01 00:00:00+00:00,30,25,4,1,0,5
2014-08-08 00:00:00+00:00,30,15,10,4,1,14
2014-08-15 00:00:00+00:00,30,18,10,2,0,12
2014-08-22 00:00:00+00:00,30,27,2,1,0,3
2014-08-29 00:00:00+00:00,30,23,6,1,0,7
2014-09-05 00:00:00+00:00,30,23,6,1,0,7
2014-09-12 00:00:00+00:00,30,23,2,4,1,6
2014-09-19 00:00:00+00:00,30,19,5,5,1,10
2014-09-26 00:00:00+00:00,30,21,2,7,0,9
2014-10-03 00:00:00+00:00,30,18,0,11,1,11
2014-10-10 00:00:00+00:00,30,7,1,10,12,11
2014-10-17 00:00:00+00:00,30,2,0,5,23,5
2014-10-24 00:00:00+00:00,30,7,2,4,17,6
2014-10-31 00:00:00+00:00,30,15,4,7,4,11
2014-11-07 00:00:00+00:00,30,14,8,8,0,16
2014-11-14 00:00:00+00:00,30,12,14,1,3,15
2014-11-21 00:00:00+00:00,30,15,13,2,0,15
2014-11-28 00:00:00+00:00,30,14,14,2,0,16
2014-12-05 00:00:00+00:00,30,12,16,2,0,18
2014-12-12 00:00:00+00:00,30,13,14,3,0,17
2014-12-19 00:00:00+00:00,30,14,9,7,0,16
2014-12-26 00:00:00+00:00,30,17,8,5,0,13
2015-01-02 00:00:00+00:00,30,23,4,3,0,7
2015-01-09 00:00:00+00:00,30,24,3,3,0,6
2015-01-16 00:00:00+00:00,30,21,2,5,2,7
2015-01-23 00:00:00+00:00,30,21,2,4,3,6
2015-01-30 00:00:00+00:00,30,23,4,2,1,6
2015-02-06 00:00:00+00:00,30,27,2,1,0,3
2015-02-13 00:00:00+00:00,30,27,2,1,0,3
2015-02-20 00:00:00+00:00,30,25,4,1,0,5
2015-02-27 00:00:00+00:00,30,20,7,3,0,10
2015-03-06 00:00:00+00:00,30,16,9,5,0,14
2015-03-13 00:00:00+00:00,30,16,7,7,0,14
2015-03-20 00:00:00+00:00,30,18,5,6,1,11
2015-03-27 00:00:00+00:00,30,22,3,4,1,7
2015-04-03 00:00:00+00:00,30,28,1,1,0,2
2015-04-10 00:00:00+00:00,30,29,1,0,0,1
2015-04-17 00:00:00+00:00,30,26,1,3,0,4
2015-04-24 00:00:00+00:00,30,25,1,4,0,5
2015-05-01 00:00:00+00:00,30,24,2,4,0,6
2015-05-08 00:00:00+00:00,30,24,4,2,0,6
2015-05-15 00:00:00+00:00,30,26,1,3,0,4
2015-05-22 00:00:00+00:00,30,27,1,2,0,3
2015-05-29 00:00:00+00:00,30,28,0,2,0,2
2015-06-05 00:00:00+00:00,30,28,0,2,0,2
2015-06-12 00:00:00+00:00,30,27,1,2,0,3
2015-06-19 00:00:00+00:00,30,29,0,1,0,1
2015-06-26 00:00:00+00:00,30,29,1,0,0,1
2015-07-03 00:00:00+00:00,30,29,0,1,0,1
2015-07-10 00:00:00+00:00,30,20,1,7,2,8
2015-07-17 00:00:00+00:00,30,23,0,6,1,6
2015-07-24 00:00:00+00:00,30,19,0,11,0,11
2015-07-31 00:00:00+00:00,30,18,0,12,0,12
2015-08-07 00:00:00+00:00,30,17,0,13,0,13
2015-08-14 00:00:00+00:00,30,17,1,12,0,13
2015-08-21 00:00:00+00:00,30,16,2,12,0,14
2015-08-28 00:00:00+00:00,30,4,0,7,19,7
2015-09-04 00:00:00+00:00,30,7,0,7,16,7
2015-09-11 00:00:00+00:00,30,8,1,6,15,7
2015-09-18 00:00:00+00:00,31,13,3,15,0,18
2015-09-25 00:00:00+00:00,31,18,1,12,0,13
2015-10-02 00:00:00+00:00,31,21,0,10,0,10
2015-10-09 00:00:00+00:00,31,22,2,7,0,9
2015-10-16 00:00:00+00:00,31,23,1,7,0,8
2015-10-23 00:00:00+00:00,31,25,2,4,0,6
2015-10-30 00:00:00+00:00,31,25,5,1,0,6
2015-11-06 00:00:00+00:00,31,22,9,0,0,9
2015-11-13 00:00:00+00:00,31,25,3,3,0,6
2015-11-20 00:00:00+00:00,31,27,1,3,0,4
2015-11-27 00:00:00+00:00,31,28,1,2,0,3
2015-12-04 00:00:00+00:00,31,28,1,2,0,3
2015-12-11 00:00:00+00:00,31,30,1,0,0,1
2015-12-18 00:00:00+00:00,31,26,0,3,2,3
2015-12-25 00:00:00+00:00,31,29,0,2,0,2
2016-01-01 00:00:00+00:00,31,30,0,1,0,1
2016-01-08 00:00:00+00:00,31,26,0,5,0,5
2016-01-15 00:00:00+00:00,31,9,0,16,6,16
2016-01-22 00:00:00+00:00,31,9,0,5,17,5
2016-01-29 00:00:00+00:00,31,9,0,13,9,13
2016-02-05 00:00:00+00:00,31,9,3,19,0,22
2016-02-12 00:00:00+00:00,31,11,4,15,1,19
2016-02-19 00:00:00+00:00,31,14,2,12,3,14
2016-02-26 00:00:00+00:00,31,18,2,8,3,10
2016-03-04 00:00:00+00:00,31,22,5,4,0,9
2016-03-11 00:00:00+00:00,31,24,5,2,0,7
2016-03-18 00:00:00+00:00,31,20,8,2,1,10
2016-03-25 00:00:00+00:00,32,21,8,3,0,11
2016-04-01 00:00:00+00:00,32,25,5,2,0,7
2016-04-08 00:00:00+00:00,32,26,5,1,0,6
2016-04-15 00:00:00+00:00,32,27,4,1,0,5
2016-04-22 00:00:00+00:00,32,25,7,0,0,7
2016-04-29 00:00:00+00:00,32,24,6,1,1,7
2016-05-06 00:00:00+00:00,32,26,3,2,1,5
2016-05-13 00:00:00+00:00,32,26,5,1,0,6
2016-05-20 00:00:00+00:00,32,26,4,2,0,6
2016-05-27 00:00:00+00:00,32,30,2,0,0,2
2016-06-03 00:00:00+00:00,32,30,1,0,1,1
2016-06-10 00:00:00+00:00,32,25,6,0,1,6
2016-06-17 00:00:00+00:00,32,27,4,0,1,4
2016-06-24 00:00:00+00:00,32,23,5,2,2,7
2016-07-01 00:00:00+00:00,32,21,6,2,3,8
2016-07-08 00:00:00+00:00,32,22,6,0,4,6
2016-07-15 00:00:00+00:00,32,24,8,0,0,8
2016-07-22 00:00:00+00:00,32,24,8,0,0,8
2016-07-29 00:00:00+00:00,32,23,8,1,0,9
2016-08-05 00:00:00+00:00,32,21,11,0,0,11
2016-08-12 00:00:00+00:00,32,23,8,1,0,9
2016-08-19 00:00:00+00:00,32,24,8,0,0,8
2016-08-26 00:00:00+00:00,32,24,8,0,0,8
2016-09-02 00:00:00+00:00,32,24,7,1,0,8
2016-09-09 00:00:00+00:00,32,25,6,1,0,7
2016-09-16 00:00:00+00:00,32,24,7,1,0,8
2016-09-23 00:00:00+00:00,32,27,5,0,0,5
2016-09-30 00:00:00+00:00,32,30,2,0,0,2
2016-10-07 00:00:00+00:00,32,28,3,1,0,4
2016-10-14 00:00:00+00:00,32,26,1,5,0,6
2016-10-21 00:00:00+00:00,32,21,8,3,0,11
2016-10-28 00:00:00+00:00,32,21,8,3,0,11
2016-11-04 00:00:00+00:00,32,18,7,7,0,14
2016-11-11 00:00:00+00:00,32,18,8,2,4,10
2016-11-18 00:00:00+00:00,32,14,9,5,4,14
2016-11-25 00:00:00+00:00,32,16,11,5,0,16
2016-12-02 00:00:00+00:00,32,18,9,5,0,14
2016-12-09 00:00:00+00:00,32,16,12,4,0,16
2016-12-16 00:00:00+00:00,32,15,12,5,0,17
2016-12-23 00:00:00+00:00,32,15,12,5,0,17
2016-12-30 00:00:00+00:00,32,16,11,5,0,16
2017-01-06 00:00:00+00:00,32,20,7,4,1,11
2017-01-13 00:00:00+00:00,32,19,8,4,1,12
2017-01-20 00:00:00+00:00,32,19,9,3,1,12
2017-01-27 00:00:00+00:00,32,24,6,2,0,8
2017-02-03 00:00:00+00:00,32,24,6,2,0,8
2017-02-10 00:00:00+00:00,32,26,6,0,0,6
2017-02-17 00:00:00+00:00,32,20,11,1,0,12
2017-02-24 00:00:00+00:00,32,17,15,0,0,15
2017-03-03 00:00:00+00:00,32,14,16,2,0,18
2017-03-10 00:00:00+00:00,32,14,15,3,0,18
2017-03-17 00:00:00+00:00,32,16,13,3,0,16
2017-03-24 00:00:00+00:00,32,20,10,1,1,11
2017-03-31 00:00:00+00:00,32,25,5,1,1,6
2017-04-07 00:00:00+00:00,32,26,4,2,0,6
2017-04-14 00:00:00+00:00,32,27,4,1,0,5
2017-04-21 00:00:00+00:00,32,26,4,2,0,6
2017-04-28 00:00:00+00:00,32,24,6,2,0,8
2017-05-05 00:00:00+00:00,32,21,6,3,2,9
2017-05-12 00:00:00+00:00,32,22,6,3,1,9
2017-05-19 00:00:00+00:00,32,20,7,3,2,10
2017-05-26 00:00:00+00:00,32,21,5,3,3,8
2017-06-02 00:00:00+00:00,32,21,6,3,2,9
2017-06-09 00:00:00+00:00,32,19,8,3,2,11
2017-06-16 00:00:00+00:00,32,20,7,2,3,9
2017-06-23 00:00:00+00:00,32,18,10,2,2,12
2017-06-30 00:00:00+00:00,32,19,8,3,2,11
2017-07-07 00:00:00+00:00,32,23,7,1,1,8
2017-07-14 00:00:00+00:00,32,25,5,2,0,7
2017-07-21 00:00:00+00:00,32,25,6,1,0,7
2017-07-28 00:00:00+00:00,32,24,7,1,0,8
2017-08-04 00:00:00+00:00,32,26,5,1,0,6
2017-08-11 00:00:00+00:00,32,25,6,1,0,7
2017-08-18 00:00:00+00:00,32,24,5,3,0,8
2017-08-25 00:00:00+00:00,32,24,4,4,0,8
2017-09-01 00:00:00+00:00,32,21,7,3,1,10
2017-09-08 00:00:00+00:00,32,19,9,3,1,12
2017-09-15 00:00:00+00:00,32,19,9,3,1,12
2017-09-22 00:00:00+00:00,32,23,6,2,1,8
2017-09-29 00:00:00+00:00,32,22,8,2,0,10
2017-10-06 00:00:00+00:00,32,16,12,4,0,16
2017-10-13 00:00:00+00:00,32,16,14,2,0,16
2017-10-20 00:00:00+00:00,32,18,12,2,0,14
2017-10-27 00:00:00+00:00,32,19,11,2,0,13
2017-11-03 00:00:00+00:00,32,18,10,4,0,14
2017-11-10 00:00:00+00:00,32,15,12,5,0,17
2017-11-17 00:00:00+00:00,32,22,10,0,0,10
2017-11-24 00:00:00+00:00,32,24,8,0,0,8
2017-12-01 00:00:00+00:00,32,21,8,0,3,8
2017-12-08 00:00:00+00:00,32,22,6,1,3,7
2017-12-15 00:00:00+00:00,32,20,4,2,6,6
2017-12-22 00:00:00+00:00,32,22,7,2,1,9
2017-12-29 00:00:00+00:00,32,23,7,1,1,8
2018-01-05 00:00:00+00:00,32,14,16,1,1,17
2018-01-12 00:00:00+00:00,32,12,19,1,0,20
2018-01-19 00:00:00+00:00,32,9,21,2,0,23
2018-01-26 00:00:00+00:00,32,7,23,2,0,25
2018-02-02 00:00:00+00:00,32,8,18,2,4,20
2018-02-09 00:00:00+00:00,32,4,3,2,23,5
2018-02-16 00:00:00+00:00,32,8,0,3,21,3
2018-02-23 00:00:00+00:00,32,10,3,2,17,5
2018-03-02 00:00:00+00:00,32,18,10,4,0,14
2018-03-09 00:00:00+00:00,32,25,6,1,0,7
2018-03-16 00:00:00+00:00,32,27,4,1,0,5
2018-03-23 00:00:00+00:00,32,29,0,3,0,3
2018-03-30 00:00:00+00:00,32,28,1,3,0,4
2018-04-06 00:00:00+00:00,32,23,4,5,0,9
2018-04-13 00:00:00+00:00,32,28,2,2,0,4
2018-04-20 00:00:00+00:00,32,27,4,1,0,5
2018-04-27 00:00:00+00:00,32,27,4,1,0,5
2018-05-04 00:00:00+00:00,32,23,7,2,0,9
2018-05-11 00:00:00+00:00,32,26,5,1,0,6
2018-05-18 00:00:00+00:00,32,26,4,2,0,6
2018-05-25 00:00:00+00:00,32,27,4,1,0,5
2018-06-01 00:00:00+00:00,32,27,4,1,0,5
2018-06-08 00:00:00+00:00,32,28,3,1,0,4
2018-06-15 00:00:00+00:00,32,26,4,2,0,6
2018-06-22 00:00:00+00:00,32,21,4,7,0,11
2018-06-29 00:00:00+00:00,32,20,5,7,0,12
2018-07-06 00:00:00+00:00,32,21,4,7,0,11
2018-07-13 00:00:00+00:00,32,24,1,7,0,8
2018-07-20 00:00:00+00:00,32,26,2,4,0,6
2018-07-27 00:00:00+00:00,32,26,2,4,0,6
2018-08-03 00:00:00+00:00,32,27,1,4,0,5
2018-08-10 00:00:00+00:00,32,27,2,3,0,5
2018-08-17 00:00:00+00:00,32,24,4,4,0,8
2018-08-24 00:00:00+00:00,32,25,2,4,1,6
2018-08-31 00:00:00+00:00,32,24,3,4,1,7
2018-09-07 00:00:00+00:00,32,26,1,5,0,6
2018-09-14 00:00:00+00:00,32,28,1,3,0,4
2018-09-21 00:00:00+00:00,32,27,3,2,0,5
2018-09-28 00:00:00+00:00,32,29,1,2,0,3
2018-10-05 00:00:00+00:00,32,27,2,3,0,5
2018-10-12 00:00:00+00:00,32,13,2,10,7,12
2018-10-19 00:00:00+00:00,32,11,1,4,16,5
2018-10-26 00:00:00+00:00,32,9,1,2,20,3
2018-11-02 00:00:00+00:00,32,8,2,5,17,7
2018-11-09 00:00:00+00:00,32,13,2,8,9,10
2018-11-16 00:00:00+00:00,32,16,1,15,0,16
2018-11-23 00:00:00+00:00,32,15,0,17,0,17
2018-11-30 00:00:00+00:00,32,19,2,11,0,13
2018-12-07 00:00:00+00:00,32,20,1,11,0,12
2018-12-14 00:00:00+00:00,33,22,1,10,0,11
2018-12-21 00:00:00+00:00,33,13,2,18,0,20
2018-12-28 00:00:00+00:00,33,8,4,21,0,25
2019-01-04 00:00:00+00:00,33,10,4,19,0,23
2019-01-11 00:00:00+00:00,33,19,4,10,0,14
2019-01-18 00:00:00+00:00,33,24,5,4,0,9
2019-01-25 00:00:00+00:00,33,27,4,2,0,6
2019-02-01 00:00:00+00:00,33,27,4,2,0,6
2019-02-08 00:00:00+00:00,33,23,7,3,0,10
2019-02-15 00:00:00+00:00,33,24,6,3,0,9
2019-02-22 00:00:00+00:00,33,23,9,1,0,10
2019-03-01 00:00:00+00:00,33,18,14,1,0,15
2019-03-08 00:00:00+00:00,33,23,6,4,0,10
2019-03-15 00:00:00+00:00,33,28,4,1,0,5
2019-03-22 00:00:00+00:00,33,25,5,3,0,8
2019-03-29 00:00:00+00:00,33,26,6,1,0,7
2019-04-05 00:00:00+00:00,33,25,8,0,0,8
2019-04-12 00:00:00+00:00,33,23,9,0,1,9
2019-04-19 00:00:00+00:00,33,23,9,0,1,9
2019-04-26 00:00:00+00:00,33,21,11,0,1,11
2019-05-03 00:00:00+00:00,33,18,10,5,0,15
2019-05-10 00:00:00+00:00,33,22,8,3,0,11
2019-05-17 00:00:00+00:00,33,15,2,7,9,9
2019-05-24 00:00:00+00:00,33,16,4,7,6,11
2019-05-31 00:00:00+00:00,33,17,5,10,1,15
2019-06-07 00:00:00+00:00,33,18,9,6,0,15
2019-06-14 00:00:00+00:00,33,23,7,3,0,10
2019-06-21 00:00:00+00:00,33,22,9,2,0,11
2019-06-28 00:00:00+00:00,33,24,6,1,2,7
2019-07-05 00:00:00+00:00,33,24,5,0,4,5
2019-07-12 00:00:00+00:00,33,25,5,0,3,5
2019-07-19 00:00:00+00:00,33,21,10,0,2,10
2019-07-26 00:00:00+00:00,33,20,12,1,0,13
2019-08-02 00:00:00+00:00,33,23,8,1,1,9
2019-08-09 00:00:00+00:00,33,14,12,3,4,15
2019-08-16 00:00:00+00:00,33,8,6,3,16,9
2019-08-23 00:00:00+00:00,33,19,3,6,5,9
2019-08-30 00:00:00+00:00,33,25,4,3,1,7
2019-09-06 00:00:00+00:00,33,27,4,1,1,5
2019-09-13 00:00:00+00:00,33,30,1,1,1,2
2019-09-20 00:00:00+00:00,33,30,2,1,0,3
2019-09-27 00:00:00+00:00,33,31,1,1,0,2
2019-10-04 00:00:00+00:00,33,28,1,4,0,5
2019-10-11 00:00:00+00:00,33,30,0,3,0,3
2019-10-18 00:00:00+00:00,33,30,0,3,0,3
2019-10-25 00:00:00+00:00,33,31,1,1,0,2
2019-11-01 00:00:00+00:00,33,32,1,0,0,1
2019-11-08 00:00:00+00:00,33,24,9,0,0,9
2019-11-15 00:00:00+00:00,33,20,12,1,0,13
2019-11-22 00:00:00+00:00,33,18,14,1,0,15
2019-11-29 00:00:00+00:00,33,18,14,1,0,15
2019-12-06 00:00:00+00:00,33,26,7,0,0,7
2019-12-13 00:00:00+00:00,33,25,8,0,0,8
2019-12-20 00:00:00+00:00,33,18,14,1,0,15
2019-12-27 00:00:00+00:00,33,14,17,2,0,19
2020-01-03 00:00:00+00:00,33,8,24,1,0,25
2020-01-10 00:00:00+00:00,33,12,19,2,0,21
2020-01-17 00:00:00+00:00,33,15,18,0,0,18
2020-01-24 00:00:00+00:00,33,15,16,2,0,18
2020-01-31 00:00:00+00:00,33,17,10,4,2,14
2020-02-07 00:00:00+00:00,33,12,4,4,13,8
2020-02-14 00:00:00+00:00,33,22,8,3,0,11
2020-02-21 00:00:00+00:00,33,22,9,2,0,11
2020-02-28 00:00:00+00:00,33,3,2,4,24,6
2020-03-06 00:00:00+00:00,33,1,0,1,31,1
2020-03-13 00:00:00+00:00,33,0,0,0,33,0
2020-03-20 00:00:00+00:00,33,0,0,0,33,0
2020-03-27 00:00:00+00:00,33,1,0,2,30,2
2020-04-03 00:00:00+00:00,33,3,0,23,7,23
2020-04-10 00:00:00+00:00,33,12,2,18,1,20
2020-04-17 00:00:00+00:00,33,20,5,8,0,13
2020-04-24 00:00:00+00:00,33,23,6,4,0,10
2020-05-01 00:00:00+00:00,33,27,4,2,0,6
2020-05-08 00:00:00+00:00,33,28,4,1,0,5
2020-05-15 00:00:00+00:00,33,29,4,0,0,4
2020-05-22 00:00:00+00:00,33,28,5,0,0,5
2020-05-29 00:00:00+00:00,33,29,4,0,0,4
2020-06-05 00:00:00+00:00,33,28,4,1,0,5
2020-06-12 00:00:00+00:00,33,26,2,5,0,7
2020-06-19 00:00:00+00:00,33,33,0,0,0,0
2020-06-26 00:00:00+00:00,33,33,0,0,0,0
2020-07-03 00:00:00+00:00,33,33,0,0,0,0
2020-07-10 00:00:00+00:00,33,30,3,0,0,3
2020-07-17 00:00:00+00:00,33,29,4,0,0,4
2020-07-24 00:00:00+00:00,33,25,6,1,1,7
2020-07-31 00:00:00+00:00,33,25,5,1,2,6
2020-08-07 00:00:00+00:00,33,22,7,1,3,8
2020-08-14 00:00:00+00:00,33,20,9,2,2,11
2020-08-21 00:00:00+00:00,33,19,10,2,2,12
2020-08-28 00:00:00+00:00,33,18,9,4,2,13
2020-09-04 00:00:00+00:00,33,19,11,3,0,14
2020-09-11 00:00:00+00:00,33,19,8,3,3,11
2020-09-18 00:00:00+00:00,33,22,4,3,4,7
2020-09-25 00:00:00+00:00,33,24,6,2,1,8
2020-10-02 00:00:00+00:00,33,28,1,4,0,5
2020-10-09 00:00:00+00:00,33,28,3,2,0,5
2020-10-16 00:00:00+00:00,33,28,4,1,0,5
2020-10-23 00:00:00+00:00,33,29,2,2,0,4
2020-10-30 00:00:00+00:00,33,28,2,3,0,5
2020-11-06 00:00:00+00:00,33,30,1,0,2,1
2020-11-13 00:00:00+00:00,33,27,3,0,3,3
2020-11-20 00:00:00+00:00,33,20,10,0,3,10
2020-11-27 00:00:00+00:00,33,14,15,2,2,17
2020-12-04 00:00:00+00:00,33,17,14,1,1,15
2020-12-11 00:00:00+00:00,33,16,15,1,1,16
2020-12-18 00:00:00+00:00,33,12,18,2,1,20
2020-12-25 00:00:00+00:00,33,17,14,1,1,15
2021-01-01 00:00:00+00:00,33,18,13,1,1,14
2021-01-08 00:00:00+00:00,33,13,16,2,2,18
2021-01-15 00:00:00+00:00,33,13,17,2,1,19
2021-01-22 00:00:00+00:00,33,15,15,2,1,17
2021-01-29 00:00:00+00:00,33,21,11,0,1,11
2021-02-05 00:00:00+00:00,33,22,8,2,1,10
2021-02-12 00:00:00+00:00,33,23,9,1,0,10
2021-02-19 00:00:00+00:00,33,20,11,2,0,13
2021-02-26 00:00:00+00:00,33,22,9,2,0,11
2021-03-05 00:00:00+00:00,33,15,8,3,7,11
2021-03-12 00:00:00+00:00,33,17,9,2,5,11
2021-03-19 00:00:00+00:00,33,21,10,2,0,12
2021-03-26 00:00:00+00:00,33,25,7,1,0,8
2021-04-02 00:00:00+00:00,33,27,4,2,0,6
2021-04-09 00:00:00+00:00,33,28,4,1,0,5
2021-04-16 00:00:00+00:00,33,26,6,1,0,7
2021-04-23 00:00:00+00:00,33,25,7,1,0,8
2021-04-30 00:00:00+00:00,33,26,5,2,0,7
2021-05-07 00:00:00+00:00,33,26,6,0,1,6
2021-05-14 00:00:00+00:00,33,24,6,2,1,8
2021-05-21 00:00:00+00:00,33,25,5,3,0,8
2021-05-28 00:00:00+00:00,33,25,5,3,0,8
2021-06-04 00:00:00+00:00,33,28,3,1,1,4
2021-06-11 00:00:00+00:00,33,29,2,1,1,3
2021-06-18 00:00:00+00:00,33,29,2,2,0,4
2021-06-25 00:00:00+00:00,33,27,3,3,0,6
2021-07-02 00:00:00+00:00,33,27,4,2,0,6
2021-07-09 00:00:00+00:00,33,23,8,2,0,10
2021-07-16 00:00:00+00:00,33,25,6,2,0,8
2021-07-23 00:00:00+00:00,33,24,7,2,0,9
2021-07-30 00:00:00+00:00,33,28,5,0,0,5
2021-08-06 00:00:00+00:00,33,29,4,0,0,4
2021-08-13 00:00:00+00:00,33,29,3,1,0,4
2021-08-20 00:00:00+00:00,33,27,2,4,0,6
2021-08-27 00:00:00+00:00,33,30,3,0,0,3
2021-09-03 00:00:00+00:00,33,30,2,1,0,3
2021-09-10 00:00:00+00:00,33,31,1,1,0,2
2021-09-17 00:00:00+00:00,33,31,1,1,0,2
2021-09-24 00:00:00+00:00,33,30,2,1,0,3
2021-10-01 00:00:00+00:00,33,22,7,2,2,9
2021-10-08 00:00:00+00:00,33,17,12,3,1,15
2021-10-15 00:00:00+00:00,33,19,11,3,0,14
2021-10-22 00:00:00+00:00,33,23,8,2,0,10
2021-10-29 00:00:00+00:00,33,26,5,2,0,7
2021-11-05 00:00:00+00:00,33,22,10,1,0,11
2021-11-12 00:00:00+00:00,33,19,12,1,1,13
2021-11-19 00:00:00+00:00,33,21,10,1,1,11
2021-11-26 00:00:00+00:00,33,18,9,5,1,14
2021-12-03 00:00:00+00:00,33,16,6,8,3,14
2021-12-10 00:00:00+00:00,33,20,1,3,9,4
2021-12-17 00:00:00+00:00,33,21,1,2,9,3
2021-12-24 00:00:00+00:00,33,28,2,3,0,5
2021-12-31 00:00:00+00:00,33,28,4,1,0,5
2022-01-07 00:00:00+00:00,33,29,3,1,0,4
2022-01-14 00:00:00+00:00,33,26,3,4,0,7
2022-01-21 00:00:00+00:00,33,25,4,4,0,8
2022-01-28 00:00:00+00:00,33,13,5,10,5,15
2022-02-04 00:00:00+00:00,33,19,3,9,2,12
2022-02-11 00:00:00+00:00,33,21,4,8,0,12
2022-02-18 00:00:00+00:00,33,19,6,8,0,14
2022-02-25 00:00:00+00:00,33,16,8,9,0,17
2022-03-04 00:00:00+00:00,33,14,6,9,4,15
2022-03-11 00:00:00+00:00,33,9,6,12,6,18
2022-03-18 00:00:00+00:00,33,14,7,8,4,15
2022-03-25 00:00:00+00:00,33,19,11,3,0,14
2022-04-01 00:00:00+00:00,33,24,9,0,0,9
2022-04-08 00:00:00+00:00,33,22,9,2,0,11
2022-04-15 00:00:00+00:00,33,23,8,2,0,10
2022-04-22 00:00:00+00:00,33,23,7,3,0,10
2022-04-29 00:00:00+00:00,33,20,5,8,0,13
2022-05-06 00:00:00+00:00,33,17,3,13,0,16
2022-05-13 00:00:00+00:00,33,10,4,19,0,23
2022-05-20 00:00:00+00:00,33,14,2,17,0,19
2022-05-27 00:00:00+00:00,33,16,2,15,0,17
2022-06-03 00:00:00+00:00,33,26,0,7,0,7
2022-06-10 00:00:00+00:00,33,26,2,5,0,7
2022-06-17 00:00:00+00:00,33,17,1,15,0,16
2022-06-24 00:00:00+00:00,33,18,3,12,0,15
2022-07-01 00:00:00+00:00,33,20,3,10,0,13
2022-07-08 00:00:00+00:00,33,21,2,10,0,12
2022-07-15 00:00:00+00:00,33,18,2,13,0,15
2022-07-22 00:00:00+00:00,33,20,3,10,0,13
2022-07-29 00:00:00+00:00,33,29,1,3,0,4
2022-08-05 00:00:00+00:00,33,26,0,7,0,7
2022-08-12 00:00:00+00:00,33,20,6,7,0,13
2022-08-19 00:00:00+00:00,33,18,6,9,0,15
2022-08-26 00:00:00+00:00,33,28,3,2,0,5
2022-09-02 00:00:00+00:00,33,30,0,3,0,3
2022-09-09 00:00:00+00:00,33,33,0,0,0,0
2022-09-16 00:00:00+00:00,33,32,0,1,0,1
2022-09-23 00:00:00+00:00,33,29,0,4,0,4
2022-09-30 00:00:00+00:00,33,21,1,11,0,12
2022-10-07 00:00:00+00:00,33,23,1,8,1,9
2022-10-14 00:00:00+00:00,33,24,0,9,0,9
2022-10-21 00:00:00+00:00,33,24,0,9,0,9
2022-10-28 00:00:00+00:00,33,25,4,4,0,8
2022-11-04 00:00:00+00:00,33,26,4,3,0,7
2022-11-11 00:00:00+00:00,33,23,5,4,1,9
2022-11-18 00:00:00+00:00,33,18,9,6,0,15
2022-11-25 00:00:00+00:00,33,18,10,4,1,14
2022-12-02 00:00:00+00:00,33,17,12,4,0,16
2022-12-09 00:00:00+00:00,33,21,9,3,0,12
2022-12-16 00:00:00+00:00,33,23,4,6,0,10
2022-12-23 00:00:00+00:00,33,29,2,2,0,4
2022-12-30 00:00:00+00:00,33,29,1,3,0,4
2023-01-06 00:00:00+00:00,33,29,2,2,0,4
2023-01-13 00:00:00+00:00,33,27,4,2,0,6
2023-01-20 00:00:00+00:00,33,25,5,3,0,8
2023-01-27 00:00:00+00:00,33,24,6,2,1,8
2023-02-03 00:00:00+00:00,33,21,9,3,0,12
2023-02-10 00:00:00+00:00,33,20,10,3,0,13
2023-02-17 00:00:00+00:00,33,22,8,3,0,11
2023-02-24 00:00:00+00:00,33,26,5,2,0,7
2023-03-03 00:00:00+00:00,33,28,2,3,0,5
2023-03-10 00:00:00+00:00,33,28,2,3,0,5
2023-03-17 00:00:00+00:00,33,23,1,4,5,5
2023-03-24 00:00:00+00:00,33,19,3,5,6,8
2023-03-31 00:00:00+00:00,33,23,5,3,2,8
2023-04-07 00:00:00+00:00,33,24,7,2,0,9
2023-04-14 00:00:00+00:00,33,22,9,2,0,11
2023-04-21 00:00:00+00:00,33,22,9,2,0,11
2023-04-28 00:00:00+00:00,33,25,6,2,0,8
2023-05-05 00:00:00+00:00,33,25,7,1,0,8
2023-05-12 00:00:00+00:00,33,30,2,1,0,3
2023-05-19 00:00:00+00:00,33,28,4,1,0,5
2023-05-26 00:00:00+00:00,33,27,6,0,0,6
2023-06-02 00:00:00+00:00,33,26,6,1,0,7
2023-06-09 00:00:00+00:00,33,22,10,1,0,11
2023-06-16 00:00:00+00:00,33,22,9,2,0,11
2023-06-23 00:00:00+00:00,33,19,12,2,0,14
2023-06-30 00:00:00+00:00,33,20,10,2,1,12
2023-07-07 00:00:00+00:00,33,21,10,1,1,11
2023-07-14 00:00:00+00:00,33,22,9,2,0,11
2023-07-21 00:00:00+00:00,33,20,11,2,0,13
2023-07-28 00:00:00+00:00,33,19,12,2,0,14
2023-08-04 00:00:00+00:00,33,21,10,2,0,12
2023-08-11 00:00:00+00:00,33,24,7,2,0,9
2023-08-18 00:00:00+00:00,33,25,4,3,1,7
2023-08-25 00:00:00+00:00,33,24,5,4,0,9
2023-09-01 00:00:00+00:00,33,29,1,3,0,4
2023-09-08 00:00:00+00:00,33,29,1,3,0,4
2023-09-15 00:00:00+00:00,33,29,2,2,0,4
2023-09-22 00:00:00+00:00,33,27,2,4,0,6
2023-09-29 00:00:00+00:00,33,24,1,8,0,9
2023-10-06 00:00:00+00:00,33,16,2,14,1,16
2023-10-13 00:00:00+00:00,33,21,1,8,3,9
2023-10-20 00:00:00+00:00,33,21,4,8,0,12
2023-10-27 00:00:00+00:00,33,17,3,13,0,16
2023-11-03 00:00:00+00:00,33,18,5,10,0,15
2023-11-10 00:00:00+00:00,33,28,2,2,1,4
2023-11-17 00:00:00+00:00,33,23,10,0,0,10
2023-11-24 00:00:00+00:00,33,19,13,1,0,14
2023-12-01 00:00:00+00:00,33,14,18,1,0,19
2023-12-08 00:00:00+00:00,33,10,19,4,0,23
2023-12-15 00:00:00+00:00,33,11,21,1,0,22
2023-12-22 00:00:00+00:00,33,11,21,1,0,22
2023-12-29 00:00:00+00:00,33,8,24,1,0,25
2024-01-05 00:00:00+00:00,33,11,21,1,0,22
2024-01-12 00:00:00+00:00,33,14,18,1,0,19
2024-01-19 00:00:00+00:00,33,16,16,1,0,17
2024-01-26 00:00:00+00:00,33,21,11,1,0,12
2024-02-02 00:00:00+00:00,33,23,10,0,0,10
2024-02-09 00:00:00+00:00,33,22,11,0,0,11
2024-02-16 00:00:00+00:00,33,22,11,0,0,11
2024-02-23 00:00:00+00:00,33,22,11,0,0,11
2024-03-01 00:00:00+00:00,33,21,12,0,0,12
2024-03-08 00:00:00+00:00,33,19,10,0,4,10
2024-03-15 00:00:00+00:00,33,18,14,0,1,14
2024-03-22 00:00:00+00:00,33,18,14,0,1,14
2024-03-29 00:00:00+00:00,33,16,16,0,1,16
2024-04-05 00:00:00+00:00,33,20,13,0,0,13
2024-04-12 00:00:00+00:00,33,22,8,0,3,8
2024-04-19 00:00:00+00:00,33,18,10,1,4,11
2024-04-26 00:00:00+00:00,33,19,10,1,3,11
2024-05-03 00:00:00+00:00,33,24,7,1,1,8
2024-05-10 00:00:00+00:00,33,24,8,0,1,8
2024-05-17 00:00:00+00:00,33,24,9,0,0,9
2024-05-24 00:00:00+00:00,33,24,9,0,0,9
2024-05-31 00:00:00+00:00,33,29,4,0,0,4
2024-06-07 00:00:00+00:00,33,28,4,1,0,5
2024-06-14 00:00:00+00:00,33,29,3,1,0,4
2024-06-21 00:00:00+00:00,33,28,4,1,0,5
2024-06-28 00:00:00+00:00,33,28,4,1,0,5
2024-07-05 00:00:00+00:00,33,29,4,0,0,4
2024-07-12 00:00:00+00:00,33,26,7,0,0,7
2024-07-19 00:00:00+00:00,33,21,12,0,0,12
2024-07-26 00:00:00+00:00,33,18,7,0,8,7
2024-08-02 00:00:00+00:00,33,17,4,0,12,4
2024-08-09 00:00:00+00:00,33,14,4,0,15,4
2024-08-16 00:00:00+00:00,33,22,4,1,6,5
2024-08-23 00:00:00+00:00,33,26,4,2,1,6
2024-08-30 00:00:00+00:00,33,26,7,0,0,7
2024-09-06 00:00:00+00:00,33,25,6,2,0,8
2024-09-13 00:00:00+00:00,33,26,4,3,0,7
2024-09-20 00:00:00+00:00,33,26,5,2,0,7
2024-09-27 00:00:00+00:00,33,24,7,2,0,9
2024-10-04 00:00:00+00:00,33,24,9,0,0,9
2024-10-11 00:00:00+00:00,33,25,8,0,0,8
2024-10-18 00:00:00+00:00,33,24,8,1,0,9
2024-10-25 00:00:00+00:00,33,24,8,1,0,9
2024-11-01 00:00:00+00:00,33,24,8,1,0,9
2024-11-08 00:00:00+00:00,33,26,7,0,0,7
2024-11-15 00:00:00+00:00,33,21,6,3,3,9
2024-11-22 00:00:00+00:00,33,20,7,3,3,10
2024-11-29 00:00:00+00:00,33,25,7,0,1,7
2024-12-06 00:00:00+00:00,33,22,9,2,0,11
2024-12-13 00:00:00+00:00,33,25,6,2,0,8
2024-12-20 00:00:00+00:00,33,17,9,7,0,16
2024-12-27 00:00:00+00:00,33,18,7,8,0,15
2025-01-03 00:00:00+00:00,33,12,10,9,2,19
2025-01-10 00:00:00+00:00,33,16,7,9,1,16
2025-01-17 00:00:00+00:00,33,23,6,4,0,10
2025-01-24 00:00:00+00:00,33,22,7,4,0,11
2025-01-31 00:00:00+00:00,33,23,8,2,0,10
2025-02-07 00:00:00+00:00,33,23,8,2,0,10
2025-02-14 00:00:00+00:00,33,25,6,2,0,8
2025-02-21 00:00:00+00:00,33,25,6,2,0,8
2025-02-28 00:00:00+00:00,33,26,5,2,0,7
2025-03-07 00:00:00+00:00,33,22,7,4,0,11
2025-03-14 00:00:00+00:00,33,15,3,11,4,14
2025-03-21 00:00:00+00:00,33,21,5,7,0,12
2025-03-28 00:00:00+00:00,33,21,4,8,0,12
2025-04-04 00:00:00+00:00,33,17,3,11,2,14
2025-04-11 00:00:00+00:00,33,2,0,1,30,1
2025-04-18 00:00:00+00:00,33,2,0,1,30,1
2025-04-25 00:00:00+00:00,33,13,0,6,14,6
2025-05-02 00:00:00+00:00,33,26,1,4,2,5
2025-05-09 00:00:00+00:00,33,28,0,3,2,3
2025-05-16 00:00:00+00:00,33,29,2,2,0,4
2025-05-23 00:00:00+00:00,33,27,4,2,0,6
2025-05-30 00:00:00+00:00,33,28,4,1,0,5
2025-06-06 00:00:00+00:00,33,29,4,0,0,4
2025-06-13 00:00:00+00:00,33,25,8,0,0,8
2025-06-20 00:00:00+00:00,33,24,8,1,0,9
2025-06-27 00:00:00+00:00,33,27,5,1,0,6
2025-07-04 00:00:00+00:00,33,27,6,0,0,6
2025-07-11 00:00:00+00:00,33,22,11,0,0,11
2025-07-18 00:00:00+00:00,33,23,10,0,0,10
2025-07-25 00:00:00+00:00,33,21,12,0,0,12
2025-08-01 00:00:00+00:00,33,23,10,0,0,10
2025-08-08 00:00:00+00:00,33,29,4,0,0,4
2025-08-15 00:00:00+00:00,33,29,4,0,0,4
2025-08-22 00:00:00+00:00,33,30,3,0,0,3
2025-08-29 00:00:00+00:00,33,29,4,0,0,4
2025-09-05 00:00:00+00:00,33,27,6,0,0,6
2025-09-12 00:00:00+00:00,33,21,12,0,0,12
2025-09-19 00:00:00+00:00,33,19,13,1,0,14
2025-09-26 00:00:00+00:00,33,21,12,0,0,12
2025-10-03 00:00:00+00:00,33,18,14,0,1,14
2025-10-10 00:00:00+00:00,33,17,15,0,1,15
2025-10-17 00:00:00+00:00,33,21,5,0,7,5
2025-10-24 00:00:00+00:00,33,21,5,0,7,5
2025-10-31 00:00:00+00:00,33,22,6,1,4,7
2025-11-07 00:00:00+00:00,33,25,6,2,0,8
2025-11-14 00:00:00+00:00,33,27,5,1,0,6
2025-11-21 00:00:00+00:00,33,20,7,1,5,8
2025-11-28 00:00:00+00:00,33,27,5,1,0,6
2025-12-05 00:00:00+00:00,33,23,9,1,0,10
2025-12-12 00:00:00+00:00,33,24,9,0,0,9
2025-12-19 00:00:00+00:00,33,23,9,1,0,10
2025-12-26 00:00:00+00:00,33,25,7,1,0,8
2026-01-02 00:00:00+00:00,33,27,4,1,1,5
2026-01-09 00:00:00+00:00,33,24,8,1,0,9
2026-01-16 00:00:00+00:00,33,20,12,1,0,13
2026-01-23 00:00:00+00:00,33,19,13,1,0,14
2026-01-30 00:00:00+00:00,33,16,11,1,5,12
2026-02-06 00:00:00+00:00,33,16,6,2,9,8
2026-02-13 00:00:00+00:00,33,18,7,3,5,10
2026-02-20 00:00:00+00:00,33,19,9,4,1,13
2026-02-27 00:00:00+00:00,33,20,9,3,1,12
2026-03-06 00:00:00+00:00,33,16,10,4,3,14
2026-03-13 00:00:00+00:00,33,16,11,3,3,14
2026-03-20 00:00:00+00:00,33,12,10,8,3,18
2026-03-27 00:00:00+00:00,33,8,12,13,0,25
2026-04-03 00:00:00+00:00,33,8,18,7,0,25
2026-04-10 00:00:00+00:00,33,15,16,2,0,18
2026-04-17 00:00:00+00:00,33,25,7,1,0,8
2026-04-24 00:00:00+00:00,33,25,8,0,0,8
2026-05-01 00:00:00+00:00,33,26,7,0,0,7
